{
    "accuracy": [
        0.1032, 
        0.56510000000000005, 
        0.74229999999999996, 
        0.77659999999999996, 
        0.79590000000000005, 
        0.79830000000000001, 
        0.78480000000000005, 
        0.8155, 
        0.81279999999999997, 
        0.81979999999999997, 
        0.81699999999999995, 
        0.81940000000000002, 
        0.83160000000000001, 
        0.82250000000000001, 
        0.82689999999999997, 
        0.82289999999999996, 
        0.82030000000000003, 
        0.84150000000000003, 
        0.83779999999999999, 
        0.8236, 
        0.8377, 
        0.8478, 
        0.84040000000000004, 
        0.84370000000000001, 
        0.84009999999999996, 
        0.84940000000000004, 
        0.84589999999999999, 
        0.84230000000000005, 
        0.84440000000000004, 
        0.84409999999999996, 
        0.84140000000000004, 
        0.84640000000000004, 
        0.85229999999999995, 
        0.84809999999999997, 
        0.84299999999999997, 
        0.84519999999999995, 
        0.84509999999999996, 
        0.85099999999999998, 
        0.84999999999999998, 
        0.85719999999999996, 
        0.85529999999999995, 
        0.86319999999999997, 
        0.85709999999999997, 
        0.85609999999999997, 
        0.85980000000000001, 
        0.85870000000000002, 
        0.85740000000000005, 
        0.85489999999999999, 
        0.8528, 
        0.86080000000000001, 
        0.86280000000000001, 
        0.86350000000000005, 
        0.86399999999999999, 
        0.86409999999999998, 
        0.85809999999999997, 
        0.85880000000000001, 
        0.85899999999999999, 
        0.86399999999999999, 
        0.86919999999999997, 
        0.85970000000000002, 
        0.86070000000000002, 
        0.85799999999999998, 
        0.86509999999999998, 
        0.85960000000000003, 
        0.86250000000000004, 
        0.86240000000000006, 
        0.86609999999999998, 
        0.86260000000000003, 
        0.86829999999999996
    ], 
    "accuracy_std": [
        0.0030421992045229383, 
        0.0049574387540341838, 
        0.004373679343527598, 
        0.0041652423698987787, 
        0.0040304241712256538, 
        0.0040126937336407813, 
        0.0041096102004934722, 
        0.0038789141521822831, 
        0.0039007199335507284, 
        0.0038435395145620657, 
        0.0038666652298847914, 
        0.0038468641774827453, 
        0.0037422111110946153, 
        0.0038209128490453697, 
        0.0037833370190877786, 
        0.0038175331039822045, 
        0.0038393737770631292, 
        0.0036520918663144274, 
        0.0036863418181172511, 
        0.0038116012383249123, 
        0.0036872579242575375, 
        0.0035921464335408157, 
        0.0036623467886042686, 
        0.0036313951864262867, 
        0.0036651328761724321, 
        0.0035765855225340271, 
        0.003610445817347215, 
        0.0036445947648538379, 
        0.0036247570953099732, 
        0.0036276051328665852, 
        0.0036530266902939533, 
        0.0036056489013768377, 
        0.0035480235343075166, 
        0.0035892393344551443, 
        0.0036380076965284169, 
        0.0036171392010814294, 
        0.0036180932823795466, 
        0.0035608847215263793, 
        0.0035707142142714257, 
        0.0034986877540014913, 
        0.0035179810971635423, 
        0.0034363608657997495, 
        0.0034997084164255735, 
        0.0035098830464845984, 
        0.0034719441239743475, 
        0.0034833074799678529, 
        0.0034966446774014649, 
        0.003522016325913326, 
        0.0035430517918878918, 
        0.0034615510974128354, 
        0.0034405836714139063, 
        0.0034331872946287089, 
        0.0034278856457005688, 
        0.00342682345620547, 
        0.0034894754620143132, 
        0.0034822774157151812, 
        0.0034802155105682748, 
        0.0034278856457005688, 
        0.0033718149415411279, 
        0.0034729801323935029, 
        0.0034625931034414077, 
        0.0034905013966477659, 
        0.0034161672968401301, 
        0.0034740155440066756, 
        0.0034437443284889768, 
        0.0034447966558274513, 
        0.0034054484286214055, 
        0.0034426913890152856, 
        0.0033816432396099974
    ], 
    "learning_steps": [
        0, 
        10, 
        20, 
        30, 
        40, 
        50, 
        60, 
        70, 
        80, 
        90, 
        100, 
        110, 
        120, 
        130, 
        140, 
        150, 
        160, 
        170, 
        180, 
        190, 
        200, 
        210, 
        220, 
        230, 
        240, 
        250, 
        260, 
        270, 
        280, 
        290, 
        300, 
        310, 
        320, 
        330, 
        340, 
        350, 
        360, 
        370, 
        380, 
        390, 
        400, 
        410, 
        420, 
        430, 
        440, 
        450, 
        460, 
        470, 
        480, 
        490, 
        500, 
        510, 
        520, 
        530, 
        540, 
        550, 
        560, 
        570, 
        580, 
        590, 
        600, 
        610, 
        620, 
        630, 
        640, 
        650, 
        660, 
        670, 
        680
    ]
}