metric,value
Groundtruth Length,1591
Prediction Length,1536
RPE trans (%),5.954337166278238
RPE rot (deg/100m),1.9396788629640875
ATE (m),36.07838124745305
